calendar_date,fiscal_year,fiscal_month,scenario,holding_id,company_id,country_code,local_currency,cash_amount_local
2022-01-31,2022,1,PRE,HOLD01,C001,BR,BRL,10696809.89
2022-01-31,2022,1,POST,HOLD01,C001,BR,BRL,11310564.91
2022-02-28,2022,2,PRE,HOLD01,C001,BR,BRL,10696809.89
2022-02-28,2022,2,POST,HOLD01,C001,BR,BRL,12535729.14
2022-03-31,2022,3,PRE,HOLD01,C001,BR,BRL,10696809.89
2022-03-31,2022,3,POST,HOLD01,C001,BR,BRL,12307062.77
2022-04-30,2022,4,PRE,HOLD01,C001,BR,BRL,10696809.89
2022-04-30,2022,4,POST,HOLD01,C001,BR,BRL,11341782.07
2022-05-31,2022,5,PRE,HOLD01,C001,BR,BRL,10696809.89
2022-05-31,2022,5,POST,HOLD01,C001,BR,BRL,11827776.03
2022-06-30,2022,6,PRE,HOLD01,C001,BR,BRL,10696809.89
2022-06-30,2022,6,POST,HOLD01,C001,BR,BRL,13174759.88
2022-07-31,2022,7,PRE,HOLD01,C001,BR,BRL,10696809.89
2022-07-31,2022,7,POST,HOLD01,C001,BR,BRL,11744159.98
2022-08-31,2022,8,PRE,HOLD01,C001,BR,BRL,10696809.89
2022-08-31,2022,8,POST,HOLD01,C001,BR,BRL,11541632.96
2022-09-30,2022,9,PRE,HOLD01,C001,BR,BRL,10696809.89
2022-09-30,2022,9,POST,HOLD01,C001,BR,BRL,12278767.01
2022-10-31,2022,10,PRE,HOLD01,C001,BR,BRL,10696809.89
2022-10-31,2022,10,POST,HOLD01,C001,BR,BRL,13340313.49
2022-11-30,2022,11,PRE,HOLD01,C001,BR,BRL,10696809.89
2022-11-30,2022,11,POST,HOLD01,C001,BR,BRL,11749494.23
2022-12-31,2022,12,PRE,HOLD01,C001,BR,BRL,10696809.89
2022-12-31,2022,12,POST,HOLD01,C001,BR,BRL,12669591.62
2023-01-31,2023,1,PRE,HOLD01,C001,BR,BRL,10696809.89
2023-01-31,2023,1,POST,HOLD01,C001,BR,BRL,12861030.43
2023-02-28,2023,2,PRE,HOLD01,C001,BR,BRL,10696809.89
2023-02-28,2023,2,POST,HOLD01,C001,BR,BRL,11740043.11
2023-03-31,2023,3,PRE,HOLD01,C001,BR,BRL,10696809.89
2023-03-31,2023,3,POST,HOLD01,C001,BR,BRL,12789568.75
2023-04-30,2023,4,PRE,HOLD01,C001,BR,BRL,10696809.89
2023-04-30,2023,4,POST,HOLD01,C001,BR,BRL,12018471.63
2023-05-31,2023,5,PRE,HOLD01,C001,BR,BRL,10696809.89
2023-05-31,2023,5,POST,HOLD01,C001,BR,BRL,12584381.43
2023-06-30,2023,6,PRE,HOLD01,C001,BR,BRL,10696809.89
2023-06-30,2023,6,POST,HOLD01,C001,BR,BRL,12586999.76
2023-07-31,2023,7,PRE,HOLD01,C001,BR,BRL,10696809.89
2023-07-31,2023,7,POST,HOLD01,C001,BR,BRL,12377866.37
2023-08-31,2023,8,PRE,HOLD01,C001,BR,BRL,10696809.89
2023-08-31,2023,8,POST,HOLD01,C001,BR,BRL,11424812.88
2023-09-30,2023,9,PRE,HOLD01,C001,BR,BRL,10696809.89
2023-09-30,2023,9,POST,HOLD01,C001,BR,BRL,13018664.78
2023-10-31,2023,10,PRE,HOLD01,C001,BR,BRL,10696809.89
2023-10-31,2023,10,POST,HOLD01,C001,BR,BRL,11917915.06
2023-11-30,2023,11,PRE,HOLD01,C001,BR,BRL,10696809.89
2023-11-30,2023,11,POST,HOLD01,C001,BR,BRL,11630680.99
2023-12-31,2023,12,PRE,HOLD01,C001,BR,BRL,10696809.89
2023-12-31,2023,12,POST,HOLD01,C001,BR,BRL,11318883.17
2024-01-31,2024,1,PRE,HOLD01,C001,BR,BRL,10696809.89
2024-01-31,2024,1,POST,HOLD01,C001,BR,BRL,12495784.28
2024-02-29,2024,2,PRE,HOLD01,C001,BR,BRL,10696809.89
2024-02-29,2024,2,POST,HOLD01,C001,BR,BRL,12681205.81
2024-03-31,2024,3,PRE,HOLD01,C001,BR,BRL,10696809.89
2024-03-31,2024,3,POST,HOLD01,C001,BR,BRL,11267137.75
2024-04-30,2024,4,PRE,HOLD01,C001,BR,BRL,10696809.89
2024-04-30,2024,4,POST,HOLD01,C001,BR,BRL,12327202.8
2024-05-31,2024,5,PRE,HOLD01,C001,BR,BRL,10696809.89
2024-05-31,2024,5,POST,HOLD01,C001,BR,BRL,11716206.83
2024-06-30,2024,6,PRE,HOLD01,C001,BR,BRL,10696809.89
2024-06-30,2024,6,POST,HOLD01,C001,BR,BRL,12611908.52
2024-07-31,2024,7,PRE,HOLD01,C001,BR,BRL,10696809.89
2024-07-31,2024,7,POST,HOLD01,C001,BR,BRL,11604683.29
2024-08-31,2024,8,PRE,HOLD01,C001,BR,BRL,10696809.89
2024-08-31,2024,8,POST,HOLD01,C001,BR,BRL,12709816.31
2024-09-30,2024,9,PRE,HOLD01,C001,BR,BRL,10696809.89
2024-09-30,2024,9,POST,HOLD01,C001,BR,BRL,12059017.28
2024-10-31,2024,10,PRE,HOLD01,C001,BR,BRL,10696809.89
2024-10-31,2024,10,POST,HOLD01,C001,BR,BRL,13235654.9
2024-11-30,2024,11,PRE,HOLD01,C001,BR,BRL,10696809.89
2024-11-30,2024,11,POST,HOLD01,C001,BR,BRL,11525857.46
2024-12-31,2024,12,PRE,HOLD01,C001,BR,BRL,10696809.89
2024-12-31,2024,12,POST,HOLD01,C001,BR,BRL,11961314.77
2022-01-31,2022,1,PRE,HOLD01,C002,BR,BRL,7269470.42
2022-01-31,2022,1,POST,HOLD01,C002,BR,BRL,8977350.53
2022-02-28,2022,2,PRE,HOLD01,C002,BR,BRL,7269470.42
2022-02-28,2022,2,POST,HOLD01,C002,BR,BRL,8908502.44
2022-03-31,2022,3,PRE,HOLD01,C002,BR,BRL,7269470.42
2022-03-31,2022,3,POST,HOLD01,C002,BR,BRL,8007963.75
2022-04-30,2022,4,PRE,HOLD01,C002,BR,BRL,7269470.42
2022-04-30,2022,4,POST,HOLD01,C002,BR,BRL,8592490.85
2022-05-31,2022,5,PRE,HOLD01,C002,BR,BRL,7269470.42
2022-05-31,2022,5,POST,HOLD01,C002,BR,BRL,8821098.47
2022-06-30,2022,6,PRE,HOLD01,C002,BR,BRL,7269470.42
2022-06-30,2022,6,POST,HOLD01,C002,BR,BRL,8440147.12
2022-07-31,2022,7,PRE,HOLD01,C002,BR,BRL,7269470.42
2022-07-31,2022,7,POST,HOLD01,C002,BR,BRL,8402999.79
2022-08-31,2022,8,PRE,HOLD01,C002,BR,BRL,7269470.42
2022-08-31,2022,8,POST,HOLD01,C002,BR,BRL,7984571.56
2022-09-30,2022,9,PRE,HOLD01,C002,BR,BRL,7269470.42
2022-09-30,2022,9,POST,HOLD01,C002,BR,BRL,7768305.51
2022-10-31,2022,10,PRE,HOLD01,C002,BR,BRL,7269470.42
2022-10-31,2022,10,POST,HOLD01,C002,BR,BRL,8937400.63
2022-11-30,2022,11,PRE,HOLD01,C002,BR,BRL,7269470.42
2022-11-30,2022,11,POST,HOLD01,C002,BR,BRL,8942056.43
2022-12-31,2022,12,PRE,HOLD01,C002,BR,BRL,7269470.42
2022-12-31,2022,12,POST,HOLD01,C002,BR,BRL,8553406.41
2023-01-31,2023,1,PRE,HOLD01,C002,BR,BRL,7269470.42
2023-01-31,2023,1,POST,HOLD01,C002,BR,BRL,8125857.35
2023-02-28,2023,2,PRE,HOLD01,C002,BR,BRL,7269470.42
2023-02-28,2023,2,POST,HOLD01,C002,BR,BRL,8140657.68
2023-03-31,2023,3,PRE,HOLD01,C002,BR,BRL,7269470.42
2023-03-31,2023,3,POST,HOLD01,C002,BR,BRL,8688406.61
2023-04-30,2023,4,PRE,HOLD01,C002,BR,BRL,7269470.42
2023-04-30,2023,4,POST,HOLD01,C002,BR,BRL,8937247.25
2023-05-31,2023,5,PRE,HOLD01,C002,BR,BRL,7269470.42
2023-05-31,2023,5,POST,HOLD01,C002,BR,BRL,8922673.65
2023-06-30,2023,6,PRE,HOLD01,C002,BR,BRL,7269470.42
2023-06-30,2023,6,POST,HOLD01,C002,BR,BRL,8766800.39
2023-07-31,2023,7,PRE,HOLD01,C002,BR,BRL,7269470.42
2023-07-31,2023,7,POST,HOLD01,C002,BR,BRL,8566389.96
2023-08-31,2023,8,PRE,HOLD01,C002,BR,BRL,7269470.42
2023-08-31,2023,8,POST,HOLD01,C002,BR,BRL,7755274.54
2023-09-30,2023,9,PRE,HOLD01,C002,BR,BRL,7269470.42
2023-09-30,2023,9,POST,HOLD01,C002,BR,BRL,7867934.98
2023-10-31,2023,10,PRE,HOLD01,C002,BR,BRL,7269470.42
2023-10-31,2023,10,POST,HOLD01,C002,BR,BRL,8939346.57
2023-11-30,2023,11,PRE,HOLD01,C002,BR,BRL,7269470.42
2023-11-30,2023,11,POST,HOLD01,C002,BR,BRL,8514627.57
2023-12-31,2023,12,PRE,HOLD01,C002,BR,BRL,7269470.42
2023-12-31,2023,12,POST,HOLD01,C002,BR,BRL,7646315.48
2024-01-31,2024,1,PRE,HOLD01,C002,BR,BRL,7269470.42
2024-01-31,2024,1,POST,HOLD01,C002,BR,BRL,7780472.82
2024-02-29,2024,2,PRE,HOLD01,C002,BR,BRL,7269470.42
2024-02-29,2024,2,POST,HOLD01,C002,BR,BRL,8597605.24
2024-03-31,2024,3,PRE,HOLD01,C002,BR,BRL,7269470.42
2024-03-31,2024,3,POST,HOLD01,C002,BR,BRL,7640302.95
2024-04-30,2024,4,PRE,HOLD01,C002,BR,BRL,7269470.42
2024-04-30,2024,4,POST,HOLD01,C002,BR,BRL,7866741.82
2024-05-31,2024,5,PRE,HOLD01,C002,BR,BRL,7269470.42
2024-05-31,2024,5,POST,HOLD01,C002,BR,BRL,8430744.76
2024-06-30,2024,6,PRE,HOLD01,C002,BR,BRL,7269470.42
2024-06-30,2024,6,POST,HOLD01,C002,BR,BRL,8638886.28
2024-07-31,2024,7,PRE,HOLD01,C002,BR,BRL,7269470.42
2024-07-31,2024,7,POST,HOLD01,C002,BR,BRL,8580826.56
2024-08-31,2024,8,PRE,HOLD01,C002,BR,BRL,7269470.42
2024-08-31,2024,8,POST,HOLD01,C002,BR,BRL,7959007.77
2024-09-30,2024,9,PRE,HOLD01,C002,BR,BRL,7269470.42
2024-09-30,2024,9,POST,HOLD01,C002,BR,BRL,8668377.1
2024-10-31,2024,10,PRE,HOLD01,C002,BR,BRL,7269470.42
2024-10-31,2024,10,POST,HOLD01,C002,BR,BRL,7977878.99
2024-11-30,2024,11,PRE,HOLD01,C002,BR,BRL,7269470.42
2024-11-30,2024,11,POST,HOLD01,C002,BR,BRL,8106040.64
2024-12-31,2024,12,PRE,HOLD01,C002,BR,BRL,7269470.42
2024-12-31,2024,12,POST,HOLD01,C002,BR,BRL,8718263.38
2022-01-31,2022,1,PRE,HOLD01,C003,US,USD,17992657.98
2022-01-31,2022,1,POST,HOLD01,C003,US,USD,21948248.15
2022-02-28,2022,2,PRE,HOLD01,C003,US,USD,17992657.98
2022-02-28,2022,2,POST,HOLD01,C003,US,USD,21258731.65
2022-03-31,2022,3,PRE,HOLD01,C003,US,USD,17992657.98
2022-03-31,2022,3,POST,HOLD01,C003,US,USD,20937367.35
2022-04-30,2022,4,PRE,HOLD01,C003,US,USD,17992657.98
2022-04-30,2022,4,POST,HOLD01,C003,US,USD,19229382.49
2022-05-31,2022,5,PRE,HOLD01,C003,US,USD,17992657.98
2022-05-31,2022,5,POST,HOLD01,C003,US,USD,20215527.82
2022-06-30,2022,6,PRE,HOLD01,C003,US,USD,17992657.98
2022-06-30,2022,6,POST,HOLD01,C003,US,USD,19846629.98
2022-07-31,2022,7,PRE,HOLD01,C003,US,USD,17992657.98
2022-07-31,2022,7,POST,HOLD01,C003,US,USD,19770295.32
2022-08-31,2022,8,PRE,HOLD01,C003,US,USD,17992657.98
2022-08-31,2022,8,POST,HOLD01,C003,US,USD,22393700.1
2022-09-30,2022,9,PRE,HOLD01,C003,US,USD,17992657.98
2022-09-30,2022,9,POST,HOLD01,C003,US,USD,20306865.46
2022-10-31,2022,10,PRE,HOLD01,C003,US,USD,17992657.98
2022-10-31,2022,10,POST,HOLD01,C003,US,USD,22102348.59
2022-11-30,2022,11,PRE,HOLD01,C003,US,USD,17992657.98
2022-11-30,2022,11,POST,HOLD01,C003,US,USD,21163463.17
2022-12-31,2022,12,PRE,HOLD01,C003,US,USD,17992657.98
2022-12-31,2022,12,POST,HOLD01,C003,US,USD,21752444.47
2023-01-31,2023,1,PRE,HOLD01,C003,US,USD,17992657.98
2023-01-31,2023,1,POST,HOLD01,C003,US,USD,20701046.34
2023-02-28,2023,2,PRE,HOLD01,C003,US,USD,17992657.98
2023-02-28,2023,2,POST,HOLD01,C003,US,USD,20968297.74
2023-03-31,2023,3,PRE,HOLD01,C003,US,USD,17992657.98
2023-03-31,2023,3,POST,HOLD01,C003,US,USD,20664631.36
2023-04-30,2023,4,PRE,HOLD01,C003,US,USD,17992657.98
2023-04-30,2023,4,POST,HOLD01,C003,US,USD,19594878.94
2023-05-31,2023,5,PRE,HOLD01,C003,US,USD,17992657.98
2023-05-31,2023,5,POST,HOLD01,C003,US,USD,21492057.64
2023-06-30,2023,6,PRE,HOLD01,C003,US,USD,17992657.98
2023-06-30,2023,6,POST,HOLD01,C003,US,USD,19902659.1
2023-07-31,2023,7,PRE,HOLD01,C003,US,USD,17992657.98
2023-07-31,2023,7,POST,HOLD01,C003,US,USD,18979792.65
2023-08-31,2023,8,PRE,HOLD01,C003,US,USD,17992657.98
2023-08-31,2023,8,POST,HOLD01,C003,US,USD,21215043.33
2023-09-30,2023,9,PRE,HOLD01,C003,US,USD,17992657.98
2023-09-30,2023,9,POST,HOLD01,C003,US,USD,19529629.26
2023-10-31,2023,10,PRE,HOLD01,C003,US,USD,17992657.98
2023-10-31,2023,10,POST,HOLD01,C003,US,USD,22276560.81
2023-11-30,2023,11,PRE,HOLD01,C003,US,USD,17992657.98
2023-11-30,2023,11,POST,HOLD01,C003,US,USD,22325033.0
2023-12-31,2023,12,PRE,HOLD01,C003,US,USD,17992657.98
2023-12-31,2023,12,POST,HOLD01,C003,US,USD,22184459.29
2024-01-31,2024,1,PRE,HOLD01,C003,US,USD,17992657.98
2024-01-31,2024,1,POST,HOLD01,C003,US,USD,20224318.66
2024-02-29,2024,2,PRE,HOLD01,C003,US,USD,17992657.98
2024-02-29,2024,2,POST,HOLD01,C003,US,USD,18947912.0
2024-03-31,2024,3,PRE,HOLD01,C003,US,USD,17992657.98
2024-03-31,2024,3,POST,HOLD01,C003,US,USD,22232874.56
2024-04-30,2024,4,PRE,HOLD01,C003,US,USD,17992657.98
2024-04-30,2024,4,POST,HOLD01,C003,US,USD,20433125.07
2024-05-31,2024,5,PRE,HOLD01,C003,US,USD,17992657.98
2024-05-31,2024,5,POST,HOLD01,C003,US,USD,22370828.79
2024-06-30,2024,6,PRE,HOLD01,C003,US,USD,17992657.98
2024-06-30,2024,6,POST,HOLD01,C003,US,USD,22359907.81
2024-07-31,2024,7,PRE,HOLD01,C003,US,USD,17992657.98
2024-07-31,2024,7,POST,HOLD01,C003,US,USD,21961872.36
2024-08-31,2024,8,PRE,HOLD01,C003,US,USD,17992657.98
2024-08-31,2024,8,POST,HOLD01,C003,US,USD,19951874.52
2024-09-30,2024,9,PRE,HOLD01,C003,US,USD,17992657.98
2024-09-30,2024,9,POST,HOLD01,C003,US,USD,20278077.22
2024-10-31,2024,10,PRE,HOLD01,C003,US,USD,17992657.98
2024-10-31,2024,10,POST,HOLD01,C003,US,USD,21955133.09
2024-11-30,2024,11,PRE,HOLD01,C003,US,USD,17992657.98
2024-11-30,2024,11,POST,HOLD01,C003,US,USD,20032744.73
2024-12-31,2024,12,PRE,HOLD01,C003,US,USD,17992657.98
2024-12-31,2024,12,POST,HOLD01,C003,US,USD,19502215.88
2022-01-31,2022,1,PRE,HOLD01,C004,US,USD,16136025.25
2022-01-31,2022,1,POST,HOLD01,C004,US,USD,19963989.93
2022-02-28,2022,2,PRE,HOLD01,C004,US,USD,16136025.25
2022-02-28,2022,2,POST,HOLD01,C004,US,USD,19189057.39
2022-03-31,2022,3,PRE,HOLD01,C004,US,USD,16136025.25
2022-03-31,2022,3,POST,HOLD01,C004,US,USD,18782530.8
2022-04-30,2022,4,PRE,HOLD01,C004,US,USD,16136025.25
2022-04-30,2022,4,POST,HOLD01,C004,US,USD,17256434.98
2022-05-31,2022,5,PRE,HOLD01,C004,US,USD,16136025.25
2022-05-31,2022,5,POST,HOLD01,C004,US,USD,18927580.94
2022-06-30,2022,6,PRE,HOLD01,C004,US,USD,16136025.25
2022-06-30,2022,6,POST,HOLD01,C004,US,USD,20137933.3
2022-07-31,2022,7,PRE,HOLD01,C004,US,USD,16136025.25
2022-07-31,2022,7,POST,HOLD01,C004,US,USD,17394906.35
2022-08-31,2022,8,PRE,HOLD01,C004,US,USD,16136025.25
2022-08-31,2022,8,POST,HOLD01,C004,US,USD,18615582.58
2022-09-30,2022,9,PRE,HOLD01,C004,US,USD,16136025.25
2022-09-30,2022,9,POST,HOLD01,C004,US,USD,19774289.32
2022-10-31,2022,10,PRE,HOLD01,C004,US,USD,16136025.25
2022-10-31,2022,10,POST,HOLD01,C004,US,USD,19333438.74
2022-11-30,2022,11,PRE,HOLD01,C004,US,USD,16136025.25
2022-11-30,2022,11,POST,HOLD01,C004,US,USD,19192239.23
2022-12-31,2022,12,PRE,HOLD01,C004,US,USD,16136025.25
2022-12-31,2022,12,POST,HOLD01,C004,US,USD,19209886.69
2023-01-31,2023,1,PRE,HOLD01,C004,US,USD,16136025.25
2023-01-31,2023,1,POST,HOLD01,C004,US,USD,18102978.17
2023-02-28,2023,2,PRE,HOLD01,C004,US,USD,16136025.25
2023-02-28,2023,2,POST,HOLD01,C004,US,USD,17890307.59
2023-03-31,2023,3,PRE,HOLD01,C004,US,USD,16136025.25
2023-03-31,2023,3,POST,HOLD01,C004,US,USD,19554800.92
2023-04-30,2023,4,PRE,HOLD01,C004,US,USD,16136025.25
2023-04-30,2023,4,POST,HOLD01,C004,US,USD,19557228.55
2023-05-31,2023,5,PRE,HOLD01,C004,US,USD,16136025.25
2023-05-31,2023,5,POST,HOLD01,C004,US,USD,19741046.68
2023-06-30,2023,6,PRE,HOLD01,C004,US,USD,16136025.25
2023-06-30,2023,6,POST,HOLD01,C004,US,USD,19890041.03
2023-07-31,2023,7,PRE,HOLD01,C004,US,USD,16136025.25
2023-07-31,2023,7,POST,HOLD01,C004,US,USD,18593033.28
2023-08-31,2023,8,PRE,HOLD01,C004,US,USD,16136025.25
2023-08-31,2023,8,POST,HOLD01,C004,US,USD,18561322.43
2023-09-30,2023,9,PRE,HOLD01,C004,US,USD,16136025.25
2023-09-30,2023,9,POST,HOLD01,C004,US,USD,19519088.74
2023-10-31,2023,10,PRE,HOLD01,C004,US,USD,16136025.25
2023-10-31,2023,10,POST,HOLD01,C004,US,USD,19040393.39
2023-11-30,2023,11,PRE,HOLD01,C004,US,USD,16136025.25
2023-11-30,2023,11,POST,HOLD01,C004,US,USD,19208217.56
2023-12-31,2023,12,PRE,HOLD01,C004,US,USD,16136025.25
2023-12-31,2023,12,POST,HOLD01,C004,US,USD,19511012.63
2024-01-31,2024,1,PRE,HOLD01,C004,US,USD,16136025.25
2024-01-31,2024,1,POST,HOLD01,C004,US,USD,19815056.25
2024-02-29,2024,2,PRE,HOLD01,C004,US,USD,16136025.25
2024-02-29,2024,2,POST,HOLD01,C004,US,USD,18033606.19
2024-03-31,2024,3,PRE,HOLD01,C004,US,USD,16136025.25
2024-03-31,2024,3,POST,HOLD01,C004,US,USD,18154909.71
2024-04-30,2024,4,PRE,HOLD01,C004,US,USD,16136025.25
2024-04-30,2024,4,POST,HOLD01,C004,US,USD,17246125.5
2024-05-31,2024,5,PRE,HOLD01,C004,US,USD,16136025.25
2024-05-31,2024,5,POST,HOLD01,C004,US,USD,18809055.1
2024-06-30,2024,6,PRE,HOLD01,C004,US,USD,16136025.25
2024-06-30,2024,6,POST,HOLD01,C004,US,USD,17058819.6
2024-07-31,2024,7,PRE,HOLD01,C004,US,USD,16136025.25
2024-07-31,2024,7,POST,HOLD01,C004,US,USD,18445406.79
2024-08-31,2024,8,PRE,HOLD01,C004,US,USD,16136025.25
2024-08-31,2024,8,POST,HOLD01,C004,US,USD,18694052.02
2024-09-30,2024,9,PRE,HOLD01,C004,US,USD,16136025.25
2024-09-30,2024,9,POST,HOLD01,C004,US,USD,17867553.89
2024-10-31,2024,10,PRE,HOLD01,C004,US,USD,16136025.25
2024-10-31,2024,10,POST,HOLD01,C004,US,USD,18849566.59
2024-11-30,2024,11,PRE,HOLD01,C004,US,USD,16136025.25
2024-11-30,2024,11,POST,HOLD01,C004,US,USD,17041257.07
2024-12-31,2024,12,PRE,HOLD01,C004,US,USD,16136025.25
2024-12-31,2024,12,POST,HOLD01,C004,US,USD,17063356.77
2022-01-31,2022,1,PRE,HOLD01,C005,DE,EUR,21452011.21
2022-01-31,2022,1,POST,HOLD01,C005,DE,EUR,24069974.51
2022-02-28,2022,2,PRE,HOLD01,C005,DE,EUR,21452011.21
2022-02-28,2022,2,POST,HOLD01,C005,DE,EUR,23069752.48
2022-03-31,2022,3,PRE,HOLD01,C005,DE,EUR,21452011.21
2022-03-31,2022,3,POST,HOLD01,C005,DE,EUR,24765245.43
2022-04-30,2022,4,PRE,HOLD01,C005,DE,EUR,21452011.21
2022-04-30,2022,4,POST,HOLD01,C005,DE,EUR,25828193.84
2022-05-31,2022,5,PRE,HOLD01,C005,DE,EUR,21452011.21
2022-05-31,2022,5,POST,HOLD01,C005,DE,EUR,23450570.79
2022-06-30,2022,6,PRE,HOLD01,C005,DE,EUR,21452011.21
2022-06-30,2022,6,POST,HOLD01,C005,DE,EUR,25197062.47
2022-07-31,2022,7,PRE,HOLD01,C005,DE,EUR,21452011.21
2022-07-31,2022,7,POST,HOLD01,C005,DE,EUR,22890786.73
2022-08-31,2022,8,PRE,HOLD01,C005,DE,EUR,21452011.21
2022-08-31,2022,8,POST,HOLD01,C005,DE,EUR,22746347.15
2022-09-30,2022,9,PRE,HOLD01,C005,DE,EUR,21452011.21
2022-09-30,2022,9,POST,HOLD01,C005,DE,EUR,24804336.88
2022-10-31,2022,10,PRE,HOLD01,C005,DE,EUR,21452011.21
2022-10-31,2022,10,POST,HOLD01,C005,DE,EUR,24844153.91
2022-11-30,2022,11,PRE,HOLD01,C005,DE,EUR,21452011.21
2022-11-30,2022,11,POST,HOLD01,C005,DE,EUR,25259442.45
2022-12-31,2022,12,PRE,HOLD01,C005,DE,EUR,21452011.21
2022-12-31,2022,12,POST,HOLD01,C005,DE,EUR,25639835.66
2023-01-31,2023,1,PRE,HOLD01,C005,DE,EUR,21452011.21
2023-01-31,2023,1,POST,HOLD01,C005,DE,EUR,26711409.72
2023-02-28,2023,2,PRE,HOLD01,C005,DE,EUR,21452011.21
2023-02-28,2023,2,POST,HOLD01,C005,DE,EUR,24739747.95
2023-03-31,2023,3,PRE,HOLD01,C005,DE,EUR,21452011.21
2023-03-31,2023,3,POST,HOLD01,C005,DE,EUR,23910224.95
2023-04-30,2023,4,PRE,HOLD01,C005,DE,EUR,21452011.21
2023-04-30,2023,4,POST,HOLD01,C005,DE,EUR,25936280.41
2023-05-31,2023,5,PRE,HOLD01,C005,DE,EUR,21452011.21
2023-05-31,2023,5,POST,HOLD01,C005,DE,EUR,23686591.07
2023-06-30,2023,6,PRE,HOLD01,C005,DE,EUR,21452011.21
2023-06-30,2023,6,POST,HOLD01,C005,DE,EUR,24407975.74
2023-07-31,2023,7,PRE,HOLD01,C005,DE,EUR,21452011.21
2023-07-31,2023,7,POST,HOLD01,C005,DE,EUR,22861221.21
2023-08-31,2023,8,PRE,HOLD01,C005,DE,EUR,21452011.21
2023-08-31,2023,8,POST,HOLD01,C005,DE,EUR,22633376.66
2023-09-30,2023,9,PRE,HOLD01,C005,DE,EUR,21452011.21
2023-09-30,2023,9,POST,HOLD01,C005,DE,EUR,26654760.69
2023-10-31,2023,10,PRE,HOLD01,C005,DE,EUR,21452011.21
2023-10-31,2023,10,POST,HOLD01,C005,DE,EUR,26111302.76
2023-11-30,2023,11,PRE,HOLD01,C005,DE,EUR,21452011.21
2023-11-30,2023,11,POST,HOLD01,C005,DE,EUR,25510621.07
2023-12-31,2023,12,PRE,HOLD01,C005,DE,EUR,21452011.21
2023-12-31,2023,12,POST,HOLD01,C005,DE,EUR,24279184.4
2024-01-31,2024,1,PRE,HOLD01,C005,DE,EUR,21452011.21
2024-01-31,2024,1,POST,HOLD01,C005,DE,EUR,23268114.11
2024-02-29,2024,2,PRE,HOLD01,C005,DE,EUR,21452011.21
2024-02-29,2024,2,POST,HOLD01,C005,DE,EUR,23195789.61
2024-03-31,2024,3,PRE,HOLD01,C005,DE,EUR,21452011.21
2024-03-31,2024,3,POST,HOLD01,C005,DE,EUR,23598254.47
2024-04-30,2024,4,PRE,HOLD01,C005,DE,EUR,21452011.21
2024-04-30,2024,4,POST,HOLD01,C005,DE,EUR,24881015.09
2024-05-31,2024,5,PRE,HOLD01,C005,DE,EUR,21452011.21
2024-05-31,2024,5,POST,HOLD01,C005,DE,EUR,25590515.72
2024-06-30,2024,6,PRE,HOLD01,C005,DE,EUR,21452011.21
2024-06-30,2024,6,POST,HOLD01,C005,DE,EUR,25357124.08
2024-07-31,2024,7,PRE,HOLD01,C005,DE,EUR,21452011.21
2024-07-31,2024,7,POST,HOLD01,C005,DE,EUR,23725640.79
2024-08-31,2024,8,PRE,HOLD01,C005,DE,EUR,21452011.21
2024-08-31,2024,8,POST,HOLD01,C005,DE,EUR,26621367.92
2024-09-30,2024,9,PRE,HOLD01,C005,DE,EUR,21452011.21
2024-09-30,2024,9,POST,HOLD01,C005,DE,EUR,25690486.36
2024-10-31,2024,10,PRE,HOLD01,C005,DE,EUR,21452011.21
2024-10-31,2024,10,POST,HOLD01,C005,DE,EUR,24903013.64
2024-11-30,2024,11,PRE,HOLD01,C005,DE,EUR,21452011.21
2024-11-30,2024,11,POST,HOLD01,C005,DE,EUR,25149139.84
2024-12-31,2024,12,PRE,HOLD01,C005,DE,EUR,21452011.21
2024-12-31,2024,12,POST,HOLD01,C005,DE,EUR,24324864.82
2022-01-31,2022,1,PRE,HOLD01,C006,DE,EUR,9954619.79
2022-01-31,2022,1,POST,HOLD01,C006,DE,EUR,11161065.31
2022-02-28,2022,2,PRE,HOLD01,C006,DE,EUR,9954619.79
2022-02-28,2022,2,POST,HOLD01,C006,DE,EUR,11961164.76
2022-03-31,2022,3,PRE,HOLD01,C006,DE,EUR,9954619.79
2022-03-31,2022,3,POST,HOLD01,C006,DE,EUR,10481007.12
2022-04-30,2022,4,PRE,HOLD01,C006,DE,EUR,9954619.79
2022-04-30,2022,4,POST,HOLD01,C006,DE,EUR,10683442.58
2022-05-31,2022,5,PRE,HOLD01,C006,DE,EUR,9954619.79
2022-05-31,2022,5,POST,HOLD01,C006,DE,EUR,10543938.54
2022-06-30,2022,6,PRE,HOLD01,C006,DE,EUR,9954619.79
2022-06-30,2022,6,POST,HOLD01,C006,DE,EUR,10533438.73
2022-07-31,2022,7,PRE,HOLD01,C006,DE,EUR,9954619.79
2022-07-31,2022,7,POST,HOLD01,C006,DE,EUR,12155507.75
2022-08-31,2022,8,PRE,HOLD01,C006,DE,EUR,9954619.79
2022-08-31,2022,8,POST,HOLD01,C006,DE,EUR,11853280.07
2022-09-30,2022,9,PRE,HOLD01,C006,DE,EUR,9954619.79
2022-09-30,2022,9,POST,HOLD01,C006,DE,EUR,11396394.82
2022-10-31,2022,10,PRE,HOLD01,C006,DE,EUR,9954619.79
2022-10-31,2022,10,POST,HOLD01,C006,DE,EUR,10647131.15
2022-11-30,2022,11,PRE,HOLD01,C006,DE,EUR,9954619.79
2022-11-30,2022,11,POST,HOLD01,C006,DE,EUR,11431120.6
2022-12-31,2022,12,PRE,HOLD01,C006,DE,EUR,9954619.79
2022-12-31,2022,12,POST,HOLD01,C006,DE,EUR,11394997.07
2023-01-31,2023,1,PRE,HOLD01,C006,DE,EUR,9954619.79
2023-01-31,2023,1,POST,HOLD01,C006,DE,EUR,10797182.53
2023-02-28,2023,2,PRE,HOLD01,C006,DE,EUR,9954619.79
2023-02-28,2023,2,POST,HOLD01,C006,DE,EUR,11316116.42
2023-03-31,2023,3,PRE,HOLD01,C006,DE,EUR,9954619.79
2023-03-31,2023,3,POST,HOLD01,C006,DE,EUR,11245743.4
2023-04-30,2023,4,PRE,HOLD01,C006,DE,EUR,9954619.79
2023-04-30,2023,4,POST,HOLD01,C006,DE,EUR,11678461.49
2023-05-31,2023,5,PRE,HOLD01,C006,DE,EUR,9954619.79
2023-05-31,2023,5,POST,HOLD01,C006,DE,EUR,11716773.94
2023-06-30,2023,6,PRE,HOLD01,C006,DE,EUR,9954619.79
2023-06-30,2023,6,POST,HOLD01,C006,DE,EUR,10542547.62
2023-07-31,2023,7,PRE,HOLD01,C006,DE,EUR,9954619.79
2023-07-31,2023,7,POST,HOLD01,C006,DE,EUR,11198176.01
2023-08-31,2023,8,PRE,HOLD01,C006,DE,EUR,9954619.79
2023-08-31,2023,8,POST,HOLD01,C006,DE,EUR,11698390.28
2023-09-30,2023,9,PRE,HOLD01,C006,DE,EUR,9954619.79
2023-09-30,2023,9,POST,HOLD01,C006,DE,EUR,11454056.81
2023-10-31,2023,10,PRE,HOLD01,C006,DE,EUR,9954619.79
2023-10-31,2023,10,POST,HOLD01,C006,DE,EUR,12157556.92
2023-11-30,2023,11,PRE,HOLD01,C006,DE,EUR,9954619.79
2023-11-30,2023,11,POST,HOLD01,C006,DE,EUR,11763759.71
2023-12-31,2023,12,PRE,HOLD01,C006,DE,EUR,9954619.79
2023-12-31,2023,12,POST,HOLD01,C006,DE,EUR,10776740.83
2024-01-31,2024,1,PRE,HOLD01,C006,DE,EUR,9954619.79
2024-01-31,2024,1,POST,HOLD01,C006,DE,EUR,10592847.79
2024-02-29,2024,2,PRE,HOLD01,C006,DE,EUR,9954619.79
2024-02-29,2024,2,POST,HOLD01,C006,DE,EUR,11731358.71
2024-03-31,2024,3,PRE,HOLD01,C006,DE,EUR,9954619.79
2024-03-31,2024,3,POST,HOLD01,C006,DE,EUR,10505132.78
2024-04-30,2024,4,PRE,HOLD01,C006,DE,EUR,9954619.79
2024-04-30,2024,4,POST,HOLD01,C006,DE,EUR,11618585.42
2024-05-31,2024,5,PRE,HOLD01,C006,DE,EUR,9954619.79
2024-05-31,2024,5,POST,HOLD01,C006,DE,EUR,12324277.69
2024-06-30,2024,6,PRE,HOLD01,C006,DE,EUR,9954619.79
2024-06-30,2024,6,POST,HOLD01,C006,DE,EUR,11598076.11
2024-07-31,2024,7,PRE,HOLD01,C006,DE,EUR,9954619.79
2024-07-31,2024,7,POST,HOLD01,C006,DE,EUR,11225167.59
2024-08-31,2024,8,PRE,HOLD01,C006,DE,EUR,9954619.79
2024-08-31,2024,8,POST,HOLD01,C006,DE,EUR,11733088.71
2024-09-30,2024,9,PRE,HOLD01,C006,DE,EUR,9954619.79
2024-09-30,2024,9,POST,HOLD01,C006,DE,EUR,11364697.44
2024-10-31,2024,10,PRE,HOLD01,C006,DE,EUR,9954619.79
2024-10-31,2024,10,POST,HOLD01,C006,DE,EUR,11538632.32
2024-11-30,2024,11,PRE,HOLD01,C006,DE,EUR,9954619.79
2024-11-30,2024,11,POST,HOLD01,C006,DE,EUR,12326735.62
2024-12-31,2024,12,PRE,HOLD01,C006,DE,EUR,9954619.79
2024-12-31,2024,12,POST,HOLD01,C006,DE,EUR,11221051.77
2022-01-31,2022,1,PRE,HOLD01,C007,UK,GBP,24223811.28
2022-01-31,2022,1,POST,HOLD01,C007,UK,GBP,29821210.46
2022-02-28,2022,2,PRE,HOLD01,C007,UK,GBP,24223811.28
2022-02-28,2022,2,POST,HOLD01,C007,UK,GBP,26383563.34
2022-03-31,2022,3,PRE,HOLD01,C007,UK,GBP,24223811.28
2022-03-31,2022,3,POST,HOLD01,C007,UK,GBP,25771040.85
2022-04-30,2022,4,PRE,HOLD01,C007,UK,GBP,24223811.28
2022-04-30,2022,4,POST,HOLD01,C007,UK,GBP,25923247.3
2022-05-31,2022,5,PRE,HOLD01,C007,UK,GBP,24223811.28
2022-05-31,2022,5,POST,HOLD01,C007,UK,GBP,25523282.25
2022-06-30,2022,6,PRE,HOLD01,C007,UK,GBP,24223811.28
2022-06-30,2022,6,POST,HOLD01,C007,UK,GBP,25892555.53
2022-07-31,2022,7,PRE,HOLD01,C007,UK,GBP,24223811.28
2022-07-31,2022,7,POST,HOLD01,C007,UK,GBP,28744007.28
2022-08-31,2022,8,PRE,HOLD01,C007,UK,GBP,24223811.28
2022-08-31,2022,8,POST,HOLD01,C007,UK,GBP,25779893.92
2022-09-30,2022,9,PRE,HOLD01,C007,UK,GBP,24223811.28
2022-09-30,2022,9,POST,HOLD01,C007,UK,GBP,26980362.93
2022-10-31,2022,10,PRE,HOLD01,C007,UK,GBP,24223811.28
2022-10-31,2022,10,POST,HOLD01,C007,UK,GBP,29528221.86
2022-11-30,2022,11,PRE,HOLD01,C007,UK,GBP,24223811.28
2022-11-30,2022,11,POST,HOLD01,C007,UK,GBP,25547748.84
2022-12-31,2022,12,PRE,HOLD01,C007,UK,GBP,24223811.28
2022-12-31,2022,12,POST,HOLD01,C007,UK,GBP,29380908.0
2023-01-31,2023,1,PRE,HOLD01,C007,UK,GBP,24223811.28
2023-01-31,2023,1,POST,HOLD01,C007,UK,GBP,26800521.21
2023-02-28,2023,2,PRE,HOLD01,C007,UK,GBP,24223811.28
2023-02-28,2023,2,POST,HOLD01,C007,UK,GBP,26007482.34
2023-03-31,2023,3,PRE,HOLD01,C007,UK,GBP,24223811.28
2023-03-31,2023,3,POST,HOLD01,C007,UK,GBP,28810527.76
2023-04-30,2023,4,PRE,HOLD01,C007,UK,GBP,24223811.28
2023-04-30,2023,4,POST,HOLD01,C007,UK,GBP,28482080.41
2023-05-31,2023,5,PRE,HOLD01,C007,UK,GBP,24223811.28
2023-05-31,2023,5,POST,HOLD01,C007,UK,GBP,29686145.13
2023-06-30,2023,6,PRE,HOLD01,C007,UK,GBP,24223811.28
2023-06-30,2023,6,POST,HOLD01,C007,UK,GBP,28996246.29
2023-07-31,2023,7,PRE,HOLD01,C007,UK,GBP,24223811.28
2023-07-31,2023,7,POST,HOLD01,C007,UK,GBP,29327675.92
2023-08-31,2023,8,PRE,HOLD01,C007,UK,GBP,24223811.28
2023-08-31,2023,8,POST,HOLD01,C007,UK,GBP,26801392.29
2023-09-30,2023,9,PRE,HOLD01,C007,UK,GBP,24223811.28
2023-09-30,2023,9,POST,HOLD01,C007,UK,GBP,26294654.24
2023-10-31,2023,10,PRE,HOLD01,C007,UK,GBP,24223811.28
2023-10-31,2023,10,POST,HOLD01,C007,UK,GBP,29071551.86
2023-11-30,2023,11,PRE,HOLD01,C007,UK,GBP,24223811.28
2023-11-30,2023,11,POST,HOLD01,C007,UK,GBP,29343924.33
2023-12-31,2023,12,PRE,HOLD01,C007,UK,GBP,24223811.28
2023-12-31,2023,12,POST,HOLD01,C007,UK,GBP,30233763.77
2024-01-31,2024,1,PRE,HOLD01,C007,UK,GBP,24223811.28
2024-01-31,2024,1,POST,HOLD01,C007,UK,GBP,27434036.39
2024-02-29,2024,2,PRE,HOLD01,C007,UK,GBP,24223811.28
2024-02-29,2024,2,POST,HOLD01,C007,UK,GBP,27237341.02
2024-03-31,2024,3,PRE,HOLD01,C007,UK,GBP,24223811.28
2024-03-31,2024,3,POST,HOLD01,C007,UK,GBP,29196538.05
2024-04-30,2024,4,PRE,HOLD01,C007,UK,GBP,24223811.28
2024-04-30,2024,4,POST,HOLD01,C007,UK,GBP,27086113.97
2024-05-31,2024,5,PRE,HOLD01,C007,UK,GBP,24223811.28
2024-05-31,2024,5,POST,HOLD01,C007,UK,GBP,29944299.8
2024-06-30,2024,6,PRE,HOLD01,C007,UK,GBP,24223811.28
2024-06-30,2024,6,POST,HOLD01,C007,UK,GBP,29593807.54
2024-07-31,2024,7,PRE,HOLD01,C007,UK,GBP,24223811.28
2024-07-31,2024,7,POST,HOLD01,C007,UK,GBP,27513375.91
2024-08-31,2024,8,PRE,HOLD01,C007,UK,GBP,24223811.28
2024-08-31,2024,8,POST,HOLD01,C007,UK,GBP,29072793.65
2024-09-30,2024,9,PRE,HOLD01,C007,UK,GBP,24223811.28
2024-09-30,2024,9,POST,HOLD01,C007,UK,GBP,29090582.68
2024-10-31,2024,10,PRE,HOLD01,C007,UK,GBP,24223811.28
2024-10-31,2024,10,POST,HOLD01,C007,UK,GBP,25934612.47
2024-11-30,2024,11,PRE,HOLD01,C007,UK,GBP,24223811.28
2024-11-30,2024,11,POST,HOLD01,C007,UK,GBP,29807656.1
2024-12-31,2024,12,PRE,HOLD01,C007,UK,GBP,24223811.28
2024-12-31,2024,12,POST,HOLD01,C007,UK,GBP,27882829.46
2022-01-31,2022,1,PRE,HOLD01,C008,UK,GBP,21529149.32
2022-01-31,2022,1,POST,HOLD01,C008,UK,GBP,23983685.92
2022-02-28,2022,2,PRE,HOLD01,C008,UK,GBP,21529149.32
2022-02-28,2022,2,POST,HOLD01,C008,UK,GBP,26461577.45
2022-03-31,2022,3,PRE,HOLD01,C008,UK,GBP,21529149.32
2022-03-31,2022,3,POST,HOLD01,C008,UK,GBP,24281443.0
2022-04-30,2022,4,PRE,HOLD01,C008,UK,GBP,21529149.32
2022-04-30,2022,4,POST,HOLD01,C008,UK,GBP,22652271.87
2022-05-31,2022,5,PRE,HOLD01,C008,UK,GBP,21529149.32
2022-05-31,2022,5,POST,HOLD01,C008,UK,GBP,26504027.54
2022-06-30,2022,6,PRE,HOLD01,C008,UK,GBP,21529149.32
2022-06-30,2022,6,POST,HOLD01,C008,UK,GBP,22998671.69
2022-07-31,2022,7,PRE,HOLD01,C008,UK,GBP,21529149.32
2022-07-31,2022,7,POST,HOLD01,C008,UK,GBP,23980516.99
2022-08-31,2022,8,PRE,HOLD01,C008,UK,GBP,21529149.32
2022-08-31,2022,8,POST,HOLD01,C008,UK,GBP,26696411.98
2022-09-30,2022,9,PRE,HOLD01,C008,UK,GBP,21529149.32
2022-09-30,2022,9,POST,HOLD01,C008,UK,GBP,26698759.43
2022-10-31,2022,10,PRE,HOLD01,C008,UK,GBP,21529149.32
2022-10-31,2022,10,POST,HOLD01,C008,UK,GBP,25074732.77
2022-11-30,2022,11,PRE,HOLD01,C008,UK,GBP,21529149.32
2022-11-30,2022,11,POST,HOLD01,C008,UK,GBP,25326190.33
2022-12-31,2022,12,PRE,HOLD01,C008,UK,GBP,21529149.32
2022-12-31,2022,12,POST,HOLD01,C008,UK,GBP,24536536.91
2023-01-31,2023,1,PRE,HOLD01,C008,UK,GBP,21529149.32
2023-01-31,2023,1,POST,HOLD01,C008,UK,GBP,23868122.49
2023-02-28,2023,2,PRE,HOLD01,C008,UK,GBP,21529149.32
2023-02-28,2023,2,POST,HOLD01,C008,UK,GBP,24020780.4
2023-03-31,2023,3,PRE,HOLD01,C008,UK,GBP,21529149.32
2023-03-31,2023,3,POST,HOLD01,C008,UK,GBP,25501356.84
2023-04-30,2023,4,PRE,HOLD01,C008,UK,GBP,21529149.32
2023-04-30,2023,4,POST,HOLD01,C008,UK,GBP,25845203.51
2023-05-31,2023,5,PRE,HOLD01,C008,UK,GBP,21529149.32
2023-05-31,2023,5,POST,HOLD01,C008,UK,GBP,26014011.47
2023-06-30,2023,6,PRE,HOLD01,C008,UK,GBP,21529149.32
2023-06-30,2023,6,POST,HOLD01,C008,UK,GBP,26005568.17
2023-07-31,2023,7,PRE,HOLD01,C008,UK,GBP,21529149.32
2023-07-31,2023,7,POST,HOLD01,C008,UK,GBP,22998324.75
2023-08-31,2023,8,PRE,HOLD01,C008,UK,GBP,21529149.32
2023-08-31,2023,8,POST,HOLD01,C008,UK,GBP,24734496.5
2023-09-30,2023,9,PRE,HOLD01,C008,UK,GBP,21529149.32
2023-09-30,2023,9,POST,HOLD01,C008,UK,GBP,22853445.02
2023-10-31,2023,10,PRE,HOLD01,C008,UK,GBP,21529149.32
2023-10-31,2023,10,POST,HOLD01,C008,UK,GBP,24971784.66
2023-11-30,2023,11,PRE,HOLD01,C008,UK,GBP,21529149.32
2023-11-30,2023,11,POST,HOLD01,C008,UK,GBP,24506762.01
2023-12-31,2023,12,PRE,HOLD01,C008,UK,GBP,21529149.32
2023-12-31,2023,12,POST,HOLD01,C008,UK,GBP,26427909.97
2024-01-31,2024,1,PRE,HOLD01,C008,UK,GBP,21529149.32
2024-01-31,2024,1,POST,HOLD01,C008,UK,GBP,24116587.13
2024-02-29,2024,2,PRE,HOLD01,C008,UK,GBP,21529149.32
2024-02-29,2024,2,POST,HOLD01,C008,UK,GBP,23109677.44
2024-03-31,2024,3,PRE,HOLD01,C008,UK,GBP,21529149.32
2024-03-31,2024,3,POST,HOLD01,C008,UK,GBP,23221304.64
2024-04-30,2024,4,PRE,HOLD01,C008,UK,GBP,21529149.32
2024-04-30,2024,4,POST,HOLD01,C008,UK,GBP,25884542.01
2024-05-31,2024,5,PRE,HOLD01,C008,UK,GBP,21529149.32
2024-05-31,2024,5,POST,HOLD01,C008,UK,GBP,25267548.59
2024-06-30,2024,6,PRE,HOLD01,C008,UK,GBP,21529149.32
2024-06-30,2024,6,POST,HOLD01,C008,UK,GBP,23041023.83
2024-07-31,2024,7,PRE,HOLD01,C008,UK,GBP,21529149.32
2024-07-31,2024,7,POST,HOLD01,C008,UK,GBP,22967756.39
2024-08-31,2024,8,PRE,HOLD01,C008,UK,GBP,21529149.32
2024-08-31,2024,8,POST,HOLD01,C008,UK,GBP,25623860.61
2024-09-30,2024,9,PRE,HOLD01,C008,UK,GBP,21529149.32
2024-09-30,2024,9,POST,HOLD01,C008,UK,GBP,22918911.91
2024-10-31,2024,10,PRE,HOLD01,C008,UK,GBP,21529149.32
2024-10-31,2024,10,POST,HOLD01,C008,UK,GBP,26144396.38
2024-11-30,2024,11,PRE,HOLD01,C008,UK,GBP,21529149.32
2024-11-30,2024,11,POST,HOLD01,C008,UK,GBP,25646565.66
2024-12-31,2024,12,PRE,HOLD01,C008,UK,GBP,21529149.32
2024-12-31,2024,12,POST,HOLD01,C008,UK,GBP,22955880.8
2022-01-31,2022,1,PRE,HOLD01,C009,MX,MXN,6696754.28
2022-01-31,2022,1,POST,HOLD01,C009,MX,MXN,8353048.56
2022-02-28,2022,2,PRE,HOLD01,C009,MX,MXN,6696754.28
2022-02-28,2022,2,POST,HOLD01,C009,MX,MXN,7532871.91
2022-03-31,2022,3,PRE,HOLD01,C009,MX,MXN,6696754.28
2022-03-31,2022,3,POST,HOLD01,C009,MX,MXN,7528011.87
2022-04-30,2022,4,PRE,HOLD01,C009,MX,MXN,6696754.28
2022-04-30,2022,4,POST,HOLD01,C009,MX,MXN,8120215.79
2022-05-31,2022,5,PRE,HOLD01,C009,MX,MXN,6696754.28
2022-05-31,2022,5,POST,HOLD01,C009,MX,MXN,8300290.19
2022-06-30,2022,6,PRE,HOLD01,C009,MX,MXN,6696754.28
2022-06-30,2022,6,POST,HOLD01,C009,MX,MXN,8352193.36
2022-07-31,2022,7,PRE,HOLD01,C009,MX,MXN,6696754.28
2022-07-31,2022,7,POST,HOLD01,C009,MX,MXN,8040629.71
2022-08-31,2022,8,PRE,HOLD01,C009,MX,MXN,6696754.28
2022-08-31,2022,8,POST,HOLD01,C009,MX,MXN,7535535.59
2022-09-30,2022,9,PRE,HOLD01,C009,MX,MXN,6696754.28
2022-09-30,2022,9,POST,HOLD01,C009,MX,MXN,7143428.75
2022-10-31,2022,10,PRE,HOLD01,C009,MX,MXN,6696754.28
2022-10-31,2022,10,POST,HOLD01,C009,MX,MXN,8072464.38
2022-11-30,2022,11,PRE,HOLD01,C009,MX,MXN,6696754.28
2022-11-30,2022,11,POST,HOLD01,C009,MX,MXN,7779491.21
2022-12-31,2022,12,PRE,HOLD01,C009,MX,MXN,6696754.28
2022-12-31,2022,12,POST,HOLD01,C009,MX,MXN,7599774.11
2023-01-31,2023,1,PRE,HOLD01,C009,MX,MXN,6696754.28
2023-01-31,2023,1,POST,HOLD01,C009,MX,MXN,8245518.52
2023-02-28,2023,2,PRE,HOLD01,C009,MX,MXN,6696754.28
2023-02-28,2023,2,POST,HOLD01,C009,MX,MXN,7180524.44
2023-03-31,2023,3,PRE,HOLD01,C009,MX,MXN,6696754.28
2023-03-31,2023,3,POST,HOLD01,C009,MX,MXN,7691389.85
2023-04-30,2023,4,PRE,HOLD01,C009,MX,MXN,6696754.28
2023-04-30,2023,4,POST,HOLD01,C009,MX,MXN,7046798.51
2023-05-31,2023,5,PRE,HOLD01,C009,MX,MXN,6696754.28
2023-05-31,2023,5,POST,HOLD01,C009,MX,MXN,7659293.03
2023-06-30,2023,6,PRE,HOLD01,C009,MX,MXN,6696754.28
2023-06-30,2023,6,POST,HOLD01,C009,MX,MXN,7107001.84
2023-07-31,2023,7,PRE,HOLD01,C009,MX,MXN,6696754.28
2023-07-31,2023,7,POST,HOLD01,C009,MX,MXN,7190730.87
2023-08-31,2023,8,PRE,HOLD01,C009,MX,MXN,6696754.28
2023-08-31,2023,8,POST,HOLD01,C009,MX,MXN,7189000.88
2023-09-30,2023,9,PRE,HOLD01,C009,MX,MXN,6696754.28
2023-09-30,2023,9,POST,HOLD01,C009,MX,MXN,7901112.37
2023-10-31,2023,10,PRE,HOLD01,C009,MX,MXN,6696754.28
2023-10-31,2023,10,POST,HOLD01,C009,MX,MXN,8030807.84
2023-11-30,2023,11,PRE,HOLD01,C009,MX,MXN,6696754.28
2023-11-30,2023,11,POST,HOLD01,C009,MX,MXN,7812927.45
2023-12-31,2023,12,PRE,HOLD01,C009,MX,MXN,6696754.28
2023-12-31,2023,12,POST,HOLD01,C009,MX,MXN,8320278.62
2024-01-31,2024,1,PRE,HOLD01,C009,MX,MXN,6696754.28
2024-01-31,2024,1,POST,HOLD01,C009,MX,MXN,7533675.23
2024-02-29,2024,2,PRE,HOLD01,C009,MX,MXN,6696754.28
2024-02-29,2024,2,POST,HOLD01,C009,MX,MXN,7414260.72
2024-03-31,2024,3,PRE,HOLD01,C009,MX,MXN,6696754.28
2024-03-31,2024,3,POST,HOLD01,C009,MX,MXN,8194950.98
2024-04-30,2024,4,PRE,HOLD01,C009,MX,MXN,6696754.28
2024-04-30,2024,4,POST,HOLD01,C009,MX,MXN,7331065.27
2024-05-31,2024,5,PRE,HOLD01,C009,MX,MXN,6696754.28
2024-05-31,2024,5,POST,HOLD01,C009,MX,MXN,8321684.93
2024-06-30,2024,6,PRE,HOLD01,C009,MX,MXN,6696754.28
2024-06-30,2024,6,POST,HOLD01,C009,MX,MXN,7047871.1
2024-07-31,2024,7,PRE,HOLD01,C009,MX,MXN,6696754.28
2024-07-31,2024,7,POST,HOLD01,C009,MX,MXN,8330600.03
2024-08-31,2024,8,PRE,HOLD01,C009,MX,MXN,6696754.28
2024-08-31,2024,8,POST,HOLD01,C009,MX,MXN,7089398.26
2024-09-30,2024,9,PRE,HOLD01,C009,MX,MXN,6696754.28
2024-09-30,2024,9,POST,HOLD01,C009,MX,MXN,8225145.29
2024-10-31,2024,10,PRE,HOLD01,C009,MX,MXN,6696754.28
2024-10-31,2024,10,POST,HOLD01,C009,MX,MXN,7738368.93
2024-11-30,2024,11,PRE,HOLD01,C009,MX,MXN,6696754.28
2024-11-30,2024,11,POST,HOLD01,C009,MX,MXN,8361520.25
2024-12-31,2024,12,PRE,HOLD01,C009,MX,MXN,6696754.28
2024-12-31,2024,12,POST,HOLD01,C009,MX,MXN,7130431.49
2022-01-31,2022,1,PRE,HOLD01,C010,MX,MXN,16077085.69
2022-01-31,2022,1,POST,HOLD01,C010,MX,MXN,19997651.96
2022-02-28,2022,2,PRE,HOLD01,C010,MX,MXN,16077085.69
2022-02-28,2022,2,POST,HOLD01,C010,MX,MXN,18562917.75
2022-03-31,2022,3,PRE,HOLD01,C010,MX,MXN,16077085.69
2022-03-31,2022,3,POST,HOLD01,C010,MX,MXN,18904719.14
2022-04-30,2022,4,PRE,HOLD01,C010,MX,MXN,16077085.69
2022-04-30,2022,4,POST,HOLD01,C010,MX,MXN,19118062.23
2022-05-31,2022,5,PRE,HOLD01,C010,MX,MXN,16077085.69
2022-05-31,2022,5,POST,HOLD01,C010,MX,MXN,18342479.1
2022-06-30,2022,6,PRE,HOLD01,C010,MX,MXN,16077085.69
2022-06-30,2022,6,POST,HOLD01,C010,MX,MXN,18898800.98
2022-07-31,2022,7,PRE,HOLD01,C010,MX,MXN,16077085.69
2022-07-31,2022,7,POST,HOLD01,C010,MX,MXN,18759754.22
2022-08-31,2022,8,PRE,HOLD01,C010,MX,MXN,16077085.69
2022-08-31,2022,8,POST,HOLD01,C010,MX,MXN,19778538.88
2022-09-30,2022,9,PRE,HOLD01,C010,MX,MXN,16077085.69
2022-09-30,2022,9,POST,HOLD01,C010,MX,MXN,17027069.04
2022-10-31,2022,10,PRE,HOLD01,C010,MX,MXN,16077085.69
2022-10-31,2022,10,POST,HOLD01,C010,MX,MXN,17784353.83
2022-11-30,2022,11,PRE,HOLD01,C010,MX,MXN,16077085.69
2022-11-30,2022,11,POST,HOLD01,C010,MX,MXN,19936909.35
2022-12-31,2022,12,PRE,HOLD01,C010,MX,MXN,16077085.69
2022-12-31,2022,12,POST,HOLD01,C010,MX,MXN,19743509.4
2023-01-31,2023,1,PRE,HOLD01,C010,MX,MXN,16077085.69
2023-01-31,2023,1,POST,HOLD01,C010,MX,MXN,18346066.5
2023-02-28,2023,2,PRE,HOLD01,C010,MX,MXN,16077085.69
2023-02-28,2023,2,POST,HOLD01,C010,MX,MXN,18874924.95
2023-03-31,2023,3,PRE,HOLD01,C010,MX,MXN,16077085.69
2023-03-31,2023,3,POST,HOLD01,C010,MX,MXN,17772836.18
2023-04-30,2023,4,PRE,HOLD01,C010,MX,MXN,16077085.69
2023-04-30,2023,4,POST,HOLD01,C010,MX,MXN,17485827.97
2023-05-31,2023,5,PRE,HOLD01,C010,MX,MXN,16077085.69
2023-05-31,2023,5,POST,HOLD01,C010,MX,MXN,18371923.77
2023-06-30,2023,6,PRE,HOLD01,C010,MX,MXN,16077085.69
2023-06-30,2023,6,POST,HOLD01,C010,MX,MXN,18017114.78
2023-07-31,2023,7,PRE,HOLD01,C010,MX,MXN,16077085.69
2023-07-31,2023,7,POST,HOLD01,C010,MX,MXN,18757637.84
2023-08-31,2023,8,PRE,HOLD01,C010,MX,MXN,16077085.69
2023-08-31,2023,8,POST,HOLD01,C010,MX,MXN,17130889.26
2023-09-30,2023,9,PRE,HOLD01,C010,MX,MXN,16077085.69
2023-09-30,2023,9,POST,HOLD01,C010,MX,MXN,20014025.74
2023-10-31,2023,10,PRE,HOLD01,C010,MX,MXN,16077085.69
2023-10-31,2023,10,POST,HOLD01,C010,MX,MXN,20052018.9
2023-11-30,2023,11,PRE,HOLD01,C010,MX,MXN,16077085.69
2023-11-30,2023,11,POST,HOLD01,C010,MX,MXN,19125821.11
2023-12-31,2023,12,PRE,HOLD01,C010,MX,MXN,16077085.69
2023-12-31,2023,12,POST,HOLD01,C010,MX,MXN,18604713.42
2024-01-31,2024,1,PRE,HOLD01,C010,MX,MXN,16077085.69
2024-01-31,2024,1,POST,HOLD01,C010,MX,MXN,17876200.37
2024-02-29,2024,2,PRE,HOLD01,C010,MX,MXN,16077085.69
2024-02-29,2024,2,POST,HOLD01,C010,MX,MXN,19497630.43
2024-03-31,2024,3,PRE,HOLD01,C010,MX,MXN,16077085.69
2024-03-31,2024,3,POST,HOLD01,C010,MX,MXN,19082636.32
2024-04-30,2024,4,PRE,HOLD01,C010,MX,MXN,16077085.69
2024-04-30,2024,4,POST,HOLD01,C010,MX,MXN,17403821.27
2024-05-31,2024,5,PRE,HOLD01,C010,MX,MXN,16077085.69
2024-05-31,2024,5,POST,HOLD01,C010,MX,MXN,19809950.85
2024-06-30,2024,6,PRE,HOLD01,C010,MX,MXN,16077085.69
2024-06-30,2024,6,POST,HOLD01,C010,MX,MXN,19525740.32
2024-07-31,2024,7,PRE,HOLD01,C010,MX,MXN,16077085.69
2024-07-31,2024,7,POST,HOLD01,C010,MX,MXN,19934942.89
2024-08-31,2024,8,PRE,HOLD01,C010,MX,MXN,16077085.69
2024-08-31,2024,8,POST,HOLD01,C010,MX,MXN,19214430.92
2024-09-30,2024,9,PRE,HOLD01,C010,MX,MXN,16077085.69
2024-09-30,2024,9,POST,HOLD01,C010,MX,MXN,18853325.71
2024-10-31,2024,10,PRE,HOLD01,C010,MX,MXN,16077085.69
2024-10-31,2024,10,POST,HOLD01,C010,MX,MXN,18225765.8
2024-11-30,2024,11,PRE,HOLD01,C010,MX,MXN,16077085.69
2024-11-30,2024,11,POST,HOLD01,C010,MX,MXN,19880051.12
2024-12-31,2024,12,PRE,HOLD01,C010,MX,MXN,16077085.69
2024-12-31,2024,12,POST,HOLD01,C010,MX,MXN,19665696.64
